"Query","Match","HMDB","PubChem","KEGG","SMILES","Comment"
"HMDB02014","cis-5-Tetradecenoylcarnitine","HMDB0002014","22833575",NA,"CCCCCCCC\C=C/CCCC(=O)OC(CC([O-])=O)C[N+](C)(C)C","1"
"HMDB13330","3-Hydroxy-cis-5-tetradecenoylcarnitine","HMDB0013330","53481699",NA,"CCCCCCCC\C=C/CC(O)CC(=O)O[C@H](CC([O-])=O)C[N+](C)(C)C","1"
"HMDB13125","Hydroxypropionylcarnitine","HMDB0013125","53481699",NA,"C[N+](C)(C)C[C@H](CC([O-])=O)OC(=O)CCO","1"
"HMDB13124","Propenoylcarnitine","HMDB0013124","53481699",NA,"C[N+](C)(C)C[C@H](CC([O-])=O)OC(=O)C=C","1"
"HMDB00756","Hexanoylcarnitine","HMDB0000756","3246938",NA,"CCCCCC(=O)O[C@H](CC(O)=O)C[N+](C)(C)C","1"
"HMDB13129","Glutaconylcarnitine","HMDB0013129","53481620",NA,"OC(=O)C\C=C\C(=O)O[C@@H](CC([O-])=O)C[N+](C)(C)C","1"
"HMDB10382","LysoPC(16:0/0:0)","HMDB0010382","460602","C04230","CCCCCCCCCCCCCCCC(=O)OC[C@@H](O)COP([O-])(=O)OCC[N+](C)(C)C","1"
"HMDB10383","LysoPC(16:1/0:0)","HMDB0010383","24779461","C04230","CCCCCC\C=C/CCCCCCCC(=O)OC[C@@H](O)COP([O-])(=O)OCC[N+](C)(C)C","1"
"HMDB12108","LysoPC(17:0/0:0)","HMDB0012108","24779463","C04230","CCCCCCCCCCCCCCCCC(=O)OC[C@@H](O)COP([O-])(=O)OCC[N+](C)(C)C","1"
"HMDB10384","LysoPC(18:0/0:0)","HMDB0010384","497299","C04230","CCCCCCCCCCCCCCCCCC(=O)OC[C@@H](O)COP([O-])(=O)OCC[N+](C)(C)C","1"
"HMDB10385","LysoPC(18:1(11Z)/0:0)","HMDB0010385","53480465","C04230","CCCCCC\C=C/CCCCCCCCCC(=O)OC[C@@]([H])(O)COP([O-])(=O)OCC[N+](C)(C)C","1"
"HMDB10386","LysoPC(18:2/0:0)","HMDB0010386","11005824","C04230","CCCCC\C=C/C\C=C/CCCCCCCC(=O)OC[C@@H](O)COP([O-])(=O)OCC[N+](C)(C)C","1"
"HMDB10393","LysoPC(20:3/0:0)","HMDB0010393","53480467","C04230","CCCCCCCC\C=C/C\C=C/C\C=C/CCCC(=O)OC[C@@H](O)COP([O-])(=O)OCC[N+](C)(C)C","1"
"HMDB10405","LysoPC(24:0/0:0)","HMDB0010405","24779481","C04230","[H][C@@](O)(COC(=O)CCCCCCCCCCCCCCCCCCCCCCC)COP([O-])(=O)OCC[N+](C)(C)C","1"
"HMDB29205","LysoPC(26:0/0:0)","HMDB0029205","131750810",NA,"[H][C@@](O)(COC(=O)CCCCCCCCCCCCCCCCCCCCCCCCC)COP([O-])(=O)OCC[N+](C)(C)C","1"
"HMDB29220","LysoPC(26:1/0:0)","HMDB0029220","131750814",NA,"CCCCCCCCCCCCCCCCCCCC\C=C\CCCC(=O)OC[C@@H](O)COP([O-])(=O)OCC[N+](C)(C)C","1"
"HMDB29206","LysoPC(28:0/0:0)","HMDB0029206","131750811",NA,"[H][C@@](O)(COC(=O)CCCCCCCCCCCCCCCCCCCCCCCCCCC)COP([O-])(=O)OCC[N+](C)(C)C","1"
"HMDB29221","LysoPC(28:1/0:0)","HMDB0029221","131750816",NA,"CCCCCCCCCCCCCCCCCCCCCC\C=C\CCCC(=O)OC[C@@H](O)COP([O-])(=O)OCC[N+](C)(C)C","1"
"HMDB62319","1-dodecanoyl-glycero-3-phosphate","HMDB0062319","52929750",NA,"[H][C@@](O)(COC(=O)CCCCCCCCCCC)COP(O)(O)=O","1"
"HMDB07867","PC(28:1)","HMDB0007867","52922210","C00157","CCCCCCCCCCCCCC(=O)OC[C@]([H])(COP([O-])(=O)OCC[N+](C)(C)C)OC(=O)CCCCCCC\C=C/CCCC","1"
"HMDB07965","PC(16:0/14:0)","HMDB0007965","24778679","C00157","[H][C@@](COC(=O)CCCCCCCCCCCCCCC)(COP([O-])(=O)OCC[N+](C)(C)C)OC(=O)CCCCCCCCCCCCC","1"
"HMDB00564","PC(32:0)","HMDB0000564","452110","C00157","[H][C@@](COC(=O)CCCCCCCCCCCCCCC)(COP([O-])(=O)OCC[N+](C)(C)C)OC(=O)CCCCCCCCCCCCCCC","1"
"HMDB07898","PC(14:0/P-18:1(9Z))","HMDB0007898","53478621","C00157","CCCCCCCCCCCCCC(=O)OCC(COP([O-])(=O)OCC[N+](C)(C)C)O\C=C/CCCCCC\C=C/CCCCCCCC","1"
"HMDB08163","PC(18:3(6Z,9Z,12Z)/14:0)","HMDB0008163","52922763","C00157","CCCCCCCCCCCCCC(=O)O[C@]([H])(COC(=O)CCCC\C=C/C\C=C/C\C=C/CCCCC)COP([O-])(=O)OCC[N+](C)(C)C","1"
"HMDB07911","PC(14:1(9Z)/20:0)","HMDB0007911","52922276","C00157","CCCCCCCCCCCCCCCCCCCC(=O)O[C@]([H])(COC(=O)CCCCCCC\C=C/CCCC)COP([O-])(=O)OCC[N+](C)(C)C","1"
"HMDB08029","PC(16:1(9Z)/P-18:1(11Z))","HMDB0008029","53478697","C00157","CCCCCC\C=C/CCCCCCCC\C=C/OC(COC(=O)CCCCCCC\C=C/CCCCCC)COP([O-])(=O)OCC[N+](C)(C)C","1"
"HMDB08192","PC(18:3(6Z,9Z,12Z)/P-16:0)","HMDB0008192","53478823","C00157","CCCCCCCCCCCCCC\C=C/OC(COC(=O)CCCC\C=C/C\C=C/C\C=C/CCCCC)COP([O-])(=O)OCC[N+](C)(C)C","1"
"HMDB08232","PC(18:4(6Z,9Z,12Z,15Z)/16:0)","HMDB0008232","52922891","C00157","CCCCCCCCCCCCCCCC(=O)O[C@]([H])(COC(=O)CCCC\C=C/C\C=C/C\C=C/C\C=C/CC)COP([O-])(=O)OCC[N+](C)(C)C","1"
"HMDB07887","PC(36:1)","HMDB0007887","53478609","C00157","CCCCCCCCCCCCCC(=O)OC[C@]([H])(COP([O-])(=O)OCC[N+](C)(C)C)OC(=O)CCCCCCCCCCC\C=C/CCCCCCCC","1"
"HMDB08070","PC(18:1(11Z)/18:1(11Z))","HMDB0008070","24778895","C00157","[H][C@@](COC(=O)CCCCCCCCC\C=C/CCCCCC)(COP([O-])(=O)OCC[N+](C)(C)C)OC(=O)CCCCCCCCC\C=C/CCCCCC","1"
"HMDB07981","PC(16:0/20:3(8Z,11Z,14Z))","HMDB0007981","24778719","C00157","CCCCCCCCCCCCCCCC(=O)OC[C@]([H])(COP([O-])(=O)OCC[N+](C)(C)C)OC(=O)CCCCCC\C=C/C\C=C/C\C=C/CCCCC","1"
"HMDB07983","PC(16:0/20:4(8Z,11Z,14Z,17Z))","HMDB0007983","53478669","C00157","[H][C@@](COC(=O)CCCCCCCCCCCCCCC)(COP([O-])(=O)OCC[N+](C)(C)C)OC(=O)CCCCCC\C=C/C\C=C/C\C=C/C\C=C/CC","1"
"HMDB07984","PC(16:0/20:5(5Z,8Z,11Z,14Z,17Z))","HMDB0007984","24778723","C00157","CCCCCCCCCCCCCCCC(=O)OC[C@]([H])(COP([O-])(=O)OCC[N+](C)(C)C)OC(=O)CCC\C=C/C\C=C/C\C=C/C\C=C/C\C=C/CC","1"
"HMDB08657","PC(22:5(4Z,7Z,10Z,13Z,16Z)/14:1(9Z))","HMDB0008657","53479277","C00157","CCCCC\C=C/C\C=C/C\C=C/C\C=C/C\C=C/CCC(=O)OC[C@]([H])(COP([O-])(=O)OCC[N+](C)(C)C)OC(=O)CCCCCCC\C=C/CCCC","1"
"HMDB07985","PC(16:0/22:0)","HMDB0007985","24778726","C00157","[H][C@@](COC(=O)CCCCCCCCCCCCCCC)(COP([O-])(=O)OCC[N+](C)(C)C)OC(=O)CCCCCCCCCCCCCCCCCCCCC","1"
"HMDB08271","PC(20:0/18:3(6Z,9Z,12Z))","HMDB0008271","52923067","C00157","CCCCCCCCCCCCCCCCCCCC(=O)OC[C@]([H])(COP([O-])(=O)OCC[N+](C)(C)C)OC(=O)CCCC\C=C/C\C=C/C\C=C/CCCCC","1"
"HMDB08522","PC(20:5(5Z,8Z,11Z,14Z,17Z)/P-18:0)","HMDB0008522","53479141","C00157","CCCCCCCCCCCCCCCC\C=C/OC(COC(=O)CCC\C=C/C\C=C/C\C=C/C\C=C/C\C=C/CC)COP([O-])(=O)OCC[N+](C)(C)C","1"
"HMDB08751","PC(22:6(4Z,7Z,10Z,13Z,16Z,19Z)/P-16:0)","HMDB0008751","53479423","C00157","CCCCCCCCCCCCCC\C=C/OC(COC(=O)CC\C=C/C\C=C/C\C=C/C\C=C/C\C=C/C\C=C/CC)COP([O-])(=O)OCC[N+](C)(C)C","1"
"HMDB08308","PC(20:1(11Z)/20:1(11Z))","HMDB0008308","24779063","C00157","CCCCCCCC\C=C/CCCCCCCCCC(=O)OC[C@]([H])(COP([O-])(=O)OCC[N+](C)(C)C)OC(=O)CCCCCCCCC\C=C/CCCCCCCC","1"
"HMDB08183","PC(18:3(6Z,9Z,12Z)/22:0)","HMDB0008183","52922811","C00157","CCCCCCCCCCCCCCCCCCCCCC(=O)O[C@]([H])(COC(=O)CCCC\C=C/C\C=C/C\C=C/CCCCC)COP([O-])(=O)OCC[N+](C)(C)C","1"
"HMDB08536","PC(22:0/18:4(6Z,9Z,12Z,15Z))","HMDB0008536","52923459","C00157","CCCCCCCCCCCCCCCCCCCCCC(=O)OC[C@]([H])(COP([O-])(=O)OCC[N+](C)(C)C)OC(=O)CCCC\C=C/C\C=C/C\C=C/C\C=C/CC","1"
"HMDB08055","PC(40:5)","HMDB0008055","24778871","C00157","CCCCCCCCCCCCCCCCCC(=O)OC[C@]([H])(COP([O-])(=O)OCC[N+](C)(C)C)OC(=O)CC\C=C/C\C=C/C\C=C/C\C=C/C\C=C/CCCCC","1"
"HMDB08688","PC(40:2)","HMDB0008688","53479339","C00157","CCCCCCCC\C=C/CCCCCC\C=C/OC(COC(=O)CC\C=C/C\C=C/C\C=C/C\C=C/C\C=C/CCCCC)COP([O-])(=O)OCC[N+](C)(C)C","1"
"HMDB08537","PC(22:0/20:0)","HMDB0008537","52923465","C00157","[H][C@@](COC(=O)CCCCCCCCCCCCCCCCCCCCC)(COP([O-])(=O)OCC[N+](C)(C)C)OC(=O)CCCCCCCCCCCCCCCCCCC","1"
"HMDB08538","PC(22:0/20:1(11Z))","HMDB0008538","24779116","C00157","CCCCCCCCCCCCCCCCCCCCCC(=O)OC[C@]([H])(COP([O-])(=O)OCC[N+](C)(C)C)OC(=O)CCCCCCCCC\C=C/CCCCCCCC","1"
"HMDB08539","PC(22:0/20:2(11Z,14Z))","HMDB0008539","52923467","C00157","CCCCCCCCCCCCCCCCCCCCCC(=O)OC[C@]([H])(COP([O-])(=O)OCC[N+](C)(C)C)OC(=O)CCCCCCCCC\C=C/C\C=C/CCCCC","1"
"HMDB08798","PC(24:1(15Z)/18:3(9Z,12Z,15Z))","HMDB0008798","53479507","C00157","CCCCCCCC\C=C/CCCCCCCCCCCCCC(=O)OC[C@]([H])(COP([O-])(=O)OCC[N+](C)(C)C)OC(=O)CCCCCCC\C=C/C\C=C/C\C=C/CC","1"
"HMDB08606","PC(22:2(13Z,16Z)/20:3(8Z,11Z,14Z))","HMDB0008606","52923591","C00157","CCCCC\C=C/C\C=C/CCCCCCCCCCCC(=O)OC[C@]([H])(COP([O-])(=O)OCC[N+](C)(C)C)OC(=O)CCCCCC\C=C/C\C=C/C\C=C/CCCCC","1"
"HMDB08607","PC(22:2(13Z,16Z)/20:4(5Z,8Z,11Z,14Z))","HMDB0008607","52923593","C00157","CCCCC\C=C/C\C=C/CCCCCCCCCCCC(=O)OC[C@]([H])(COP([O-])(=O)OCC[N+](C)(C)C)OC(=O)CCC\C=C/C\C=C/C\C=C/C\C=C/CCCCC","1"
"HMDB13341","PC(O-30:0)","HMDB0013341","24779275",NA,"[H][C@@](COCCCCCCCCCCCCCC)(COP([O-])(=O)OCC[N+](C)(C)C)OC(=O)CCCCCCCCCCCCCCC","1"
"HMDB13410","PC(O-30:2)","HMDB0013410","53481703",NA,"CCCCCC\C=C/CCCCCCCCOC[C@]([H])(COP([O-])(=O)OCC[N+](C)(C)C)OC(=O)CCCCCCC\C=C/CCCC","1"
"HMDB13404","PC(O-32:1)","HMDB0013404","52923742",NA,"CCCCCCCCCCCCCCCCOC[C@]([H])(COP([O-])(=O)OCC[N+](C)(C)C)OC(=O)CCCCCCC\C=C/CCCCCC","1"
"HMDB13411","PC(O-32:2)","HMDB0013411","53481705",NA,"CCCCCC\C=C/CCCCCCCCOC[C@]([H])(COP([O-])(=O)OCC[N+](C)(C)C)OC(=O)CCCCCCC\C=C/CCCCCC","1"
"HMDB13405","PC(O-34:0)","HMDB0013405","11803170",NA,"[H][C@@](COCCCCCCCCCCCCCCCC)(COP([O-])(=O)OCC[N+](C)(C)C)OC(=O)CCCCCCCCCCCCCCCCC","1"
"HMDB13412","PC(O-34:1)","HMDB0013412","53481707",NA,"CCCCCCCCCCCCCCCCCC(=O)O[C@]([H])(COCCCCCCCC\C=C/CCCCCC)COP([O-])(=O)OCC[N+](C)(C)C","1"
"HMDB11151","PC(O-34:2)","HMDB0011151","6443157",NA,"CCCCCCCCCCCCCCCCOC[C@]([H])(COP([O-])(=O)OCC[N+](C)(C)C)OC(=O)CCCCCCC\C=C/C\C=C/CCCCC","1"
"HMDB13413","PC(O-34:3)","HMDB0013413","53481709",NA,"CCCCCC\C=C/CCCCCCCCOC[C@]([H])(COP([O-])(=O)OCC[N+](C)(C)C)OC(=O)CCCCCCC\C=C/C\C=C/CCCCC","1"
"HMDB13417","PC(O-18:0/18:0)","HMDB0013417","24779326",NA,"[H][C@@](COCCCCCCCCCCCCCCCCCC)(COP([O-])(=O)OCC[N+](C)(C)C)OC(=O)CCCCCCCCCCCCCCCCC","1"
"HMDB13414","PC(O-36:1)","HMDB0013414","53481711",NA,"CCCCCCCCCCCCCCCCCCCC(=O)O[C@]([H])(COCCCCCCCC\C=C/CCCCCC)COP([O-])(=O)OCC[N+](C)(C)C","1"
"HMDB13418","PC(O-36:2)","HMDB0013418","6443070",NA,"CCCCCCCCCCCCCCCCCCOC[C@]([H])(COP([O-])(=O)OCC[N+](C)(C)C)OC(=O)CCCCCCC\C=C/C\C=C/CCCCC","1"
"HMDB13429","PC(O-18:1(9Z)/18:2(9Z,12Z))","HMDB0013429","6443159",NA,"CCCCCCCC\C=C/CCCCCCCCOC[C@]([H])(COP([O-])(=O)OCC[N+](C)(C)C)OC(=O)CCCCCCC\C=C/C\C=C/CCCCC","1"
"HMDB13435","PC(O-18:2(9Z,12Z)/18:2(9Z,12Z))","HMDB0013435","53481735",NA,"CCCCC\C=C/C\C=C/CCCCCCCCOC[C@]([H])(COP([O-])(=O)OCC[N+](C)(C)C)OC(=O)CCCCCCC\C=C/C\C=C/CCCCC","1"
"HMDB13415","PC(O-36:5)","HMDB0013415","53481713",NA,"CCCCCC\C=C/CCCCCCCCOC[C@]([H])(COP([O-])(=O)OCC[N+](C)(C)C)OC(=O)CCC\C=C/C\C=C/C\C=C/C\C=C/CCCCC","1"
"HMDB13408","PC(O-38:0)","HMDB0013408","24779301",NA,"[H][C@@](COCCCCCCCCCCCCCCCC)(COP([O-])(=O)OCC[N+](C)(C)C)OC(=O)CCCCCCCCCCCCCCCCCCCCC","1"
"HMDB13431","PC(O-38:2)","HMDB0013431","53481729",NA,"CCCCCCCC\C=C/CCCCCCCCCC(=O)O[C@]([H])(COCCCCCCCC\C=C/CCCCCCCC)COP([O-])(=O)OCC[N+](C)(C)C","1"
"HMDB13439","PC(O-38:3)","HMDB0013439","52923834",NA,"CCCCCCCCCCCCCCCCCCCCOC[C@]([H])(COP([O-])(=O)OCC[N+](C)(C)C)OC(=O)CCCC\C=C/C\C=C/C\C=C/CCCCC","1"
"HMDB13420","PC(O-38:4)","HMDB0013420","6443065",NA,"[H][C@@](COCCCCCCCCCCCCCCCCCC)(COP([O-])(=O)OCC[N+](C)(C)C)OC(=O)CCC\C=C/C\C=C/C\C=C/C\C=C/CCCCC","1"
"HMDB13432","PC(O-38:5)","HMDB0013432","24779379",NA,"[H][C@@](COCCCCCCCC\C=C/CCCCCCCC)(COP([O-])(=O)OCC[N+](C)(C)C)OC(=O)CCC\C=C/C\C=C/C\C=C/C\C=C/CCCCC","1"
"HMDB13409","PC(O-38:6)","HMDB0013409","16759366",NA,"CCCCCCCCCCCCCCCCOC[C@H](COP([O-])(=O)OCC[N+](C)(C)C)OC(=O)CC\C=C/C\C=C/C\C=C/C\C=C/C\C=C/C\C=C/CC","1"
"HMDB13433","PC(O-40:1)","HMDB0013433","53481731",NA,"CCCCCCCCCCCCCCCCCCCCCC(=O)O[C@]([H])(COCCCCCCCC\C=C/CCCCCCCC)COP([O-])(=O)OCC[N+](C)(C)C","1"
"HMDB13437","PC(O-40:2)","HMDB0013437","53481739",NA,"CCCCCCCCCCCCCCCCCCCCCC(=O)O[C@]([H])(COCCCCCCCC\C=C/C\C=C/CCCCC)COP([O-])(=O)OCC[N+](C)(C)C","1"
"HMDB13446","PC(O-22:0/18:3(9Z,12Z,15Z))","HMDB0013446","53481747",NA,"CCCCCCCCCCCCCCCCCCCCCCOC[C@]([H])(COP([O-])(=O)OCC[N+](C)(C)C)OC(=O)CCCCCCC\C=C/C\C=C/C\C=C/CC","1"
"HMDB13442","PC(O-40:4)","HMDB0013442","52923852",NA,"CCCCCCCCCCCCCCCCCCCCOC[C@]([H])(COP([O-])(=O)OCC[N+](C)(C)C)OC(=O)CCC\C=C/C\C=C/C\C=C/C\C=C/CCCCC","1"
"HMDB13444","PC(O-40:5)","HMDB0013444","53481743",NA,"CCCCCCCC\C=C/CCCCCCCCCCOC[C@]([H])(COP([O-])(=O)OCC[N+](C)(C)C)OC(=O)CCC\C=C/C\C=C/C\C=C/C\C=C/CCCCC","1"
"HMDB13422","PC(O-40:6)","HMDB0013422","24779341",NA,"CCCCCCCCCCCCCCCCCCOC[C@]([H])(COP([O-])(=O)OCC[N+](C)(C)C)OC(=O)CC\C=C/C\C=C/C\C=C/C\C=C/C\C=C/C\C=C/CC","1"
"HMDB13434","PC(O-42:1)","HMDB0013434","53481733",NA,"CCCCCCCCCCCCCCCCCCCCCCCC(=O)O[C@]([H])(COCCCCCCCC\C=C/CCCCCCCC)COP([O-])(=O)OCC[N+](C)(C)C","1"
"HMDB13438","PC(O-42:2)","HMDB0013438","53481741",NA,"CCCCCCCCCCCCCCCCCCCCCCCC(=O)O[C@]([H])(COCCCCCCCC\C=C/C\C=C/CCCCC)COP([O-])(=O)OCC[N+](C)(C)C","1"
"HMDB13458","PC(O-42:3)","HMDB0013458","53481771",NA,"CCCCCCCCCCCCCCCCCCCCCCCCOC[C@]([H])(COP([O-])(=O)OCC[N+](C)(C)C)OC(=O)CCCC\C=C/C\C=C/C\C=C/CCCCC","1"
"HMDB13448","PC(O-42:4)","HMDB0013448","53481751",NA,"CCCCCCCCCCCCCCCCCCCCCCOC[C@]([H])(COP([O-])(=O)OCC[N+](C)(C)C)OC(=O)CCC\C=C/C\C=C/C\C=C/C\C=C/CCCCC","1"
"HMDB13451","PC(O-42:5)","HMDB0013451","53481757",NA,"CCCCCCCC\C=C/CCCCCCCCCCCCOC[C@]([H])(COP([O-])(=O)OCC[N+](C)(C)C)OC(=O)CCC\C=C/C\C=C/C\C=C/C\C=C/CCCCC","1"
"HMDB13449","PC(O-44:3)","HMDB0013449","53481753",NA,"CCCCCCCCCCCCCCCCCCCCCCOC[C@]([H])(COP([O-])(=O)OCC[N+](C)(C)C)OC(=O)CCCCCCCC\C=C/C\C=C/C\C=C/CCCCC","1"
"HMDB13453","PC(O-44:4)","HMDB0013453","53481761",NA,"CCCCCCCC\C=C/CCCCCCCCCCCCOC[C@]([H])(COP([O-])(=O)OCC[N+](C)(C)C)OC(=O)CCCCCCCC\C=C/C\C=C/C\C=C/CCCCC","1"
"HMDB13456","PC(O-44:5)","HMDB0013456","53481767",NA,"CCCCC\C=C/C\C=C/CCCCCCCCCCCCOC[C@]([H])(COP([O-])(=O)OCC[N+](C)(C)C)OC(=O)CCCCCCCC\C=C/C\C=C/C\C=C/CCCCC","1"
"HMDB13450","PC(O-44:6)","HMDB0013450","53481755",NA,"CCCCCCCCCCCCCCCCCCCCCCOC[C@]([H])(COP([O-])(=O)OCC[N+](C)(C)C)OC(=O)CC\C=C/C\C=C/C\C=C/C\C=C/C\C=C/C\C=C/CC","1"
"HMDB13462","Hydroxysphingomyeline C14:1","HMDB0013462","53481777","C00550","CCCCCCCCCCCCC\C=C\[C@@H](O)[C@H](COP([O-])(=O)OCC[N+](C)(C)C)NC(=O)CC(O)CCCCC\C=C/CCCC","1"
"HMDB13463","Hydroxysphingomyeline C16:1","HMDB0013463","53481779","C00550","CCCCCCCCCCCCC\C=C\[C@@H](O)[C@H](COP([O-])(=O)OCC[N+](C)(C)C)NC(=O)CC(O)CCCCC\C=C/CCCCCC","1"
"HMDB13466","Hydroxysphingomyeline C22:1","HMDB0013466","53481785","C00550","CCCCCCCCCCCCC\C=C\[C@@H](O)[C@H](COP([O-])(=O)OCC[N+](C)(C)C)NC(=O)CC(O)CCCCCCCCC\C=C/CCCCCCCC","1"
"HMDB13467","Hydroxysphingomyeline C22:2","HMDB0013467","53481787","C00550","CCCCCCCCCCCCC\C=C\[C@@H](O)[C@H](COP([O-])(=O)OCC[N+](C)(C)C)NC(=O)CC(O)CCCCCCCCC\C=C/C\C=C/CCCCC","1"
"HMDB13469","Hydroxysphingomyeline C24:1","HMDB0013469","53481791","C00550","CCCCCCCCCCCCC\C=C\[C@@H](O)[C@H](COP([O-])(=O)OCC[N+](C)(C)C)NC(=O)CC(O)CCCCCCCCCCC\C=C/CCCCCCCC","1"
"HMDB10169","SM(d18:1/16:0)","HMDB0010169","9939941","C00550","[H][C@@](COP([O-])(=O)OCC[N+](C)(C)C)(NC(=O)CCCCCCCCCCCCCCC)[C@H](O)\C=C\CCCCCCCCCCCCC","1"
"HMDB13464","SM(d18:0/16:1(9Z))","HMDB0013464","53481781","C00550","CCCCCCCCCCCCCCC[C@@H](O)[C@H](COP([O-])(=O)OCC[N+](C)(C)C)NC(=O)CCCCCCC\C=C/CCCCCC","1"
"HMDB01348","SM(d18:1/18:0)","HMDB0001348","6453725","C00550","[H][C@@](COP([O-])(=O)OCC[N+](C)(C)C)(NC(=O)CCCCCCCCCCCCCCCCC)[C@H](O)\C=C\CCCCCCCCCCCCC","1"
"HMDB12101","SM(d18:1/18:1(9Z))","HMDB0012101","6443882","C00550","CCCCCCCCCCCCC\C=C\[C@@H](O)[C@H](COP([O-])(=O)OCC[N+](C)(C)C)NC(=O)CCCCCCC\C=C/CCCCCCCC","1"
"HMDB11697","SM(d18:1/24:0)","HMDB0011697","44260127",NA,"[H][C@@](COP([O-])(=O)OCC[N+](C)(C)C)(NC(=O)CCCCCCCCCCCCCCCCCCCCCCC)[C@H](O)\C=C\CCCCCCCCCCCCC","1"
"HMDB12107","SM(d18:1/24:1)","HMDB0012107","44260126","C00550","CCCCCCCCCCCCC\C=C\[C@@H](O)[C@H](COP([O-])(=O)OCC[N+](C)(C)C)NC(=O)CCCCCCCCCCCCC\C=C/CCCCCCCC","1"
"HMDB11698","SM(d18:1/26:0)","HMDB0011698","44260129","C00550","[H][C@@](COP([O-])(=O)OCC[N+](C)(C)C)(NC(=O)CCCCCCCCCCCCCCCCCCCCCCCCC)[C@H](O)\C=C\CCCCCCCCCCCCC","1"
"HMDB13461","SM(d18:1/26:1)","HMDB0013461","44260128","C00550","CCCCCCCCCCCCC\C=C\[C@@H](O)[C@H](COP([O-])(=O)OCC[N+](C)(C)C)NC(=O)CCCCCCCCCCCCCCC\C=C/CCCCCCCC","1"
"HMDB00148","Glutamic acid","HMDB0000148","33032","C00025","N[C@@H](CCC(O)=O)C(O)=O","1"
"HMDB00177","Histidine","HMDB0000177","6274","C00135","N[C@@H](CC1=CN=CN1)C(O)=O","1"
"HMDB00929","L-Tryptophan","HMDB0000929","6305","C00078","N[C@@H](CC1=CNC2=C1C=CC=C2)C(O)=O","1"
"HMDB00510","Aminoadipic acid","HMDB0000510","92136","C00956","N[C@@H](CCCC(O)=O)C(O)=O","1"
"HMDB00271","Sarcosine","HMDB0000271","1088","C00213","CNCC(O)=O","1"
